term,course,level,mid_term,mid_activities,lab,final,class,city,social_status,children,health
1,NW,5,14.75,12.75,22,31.25,80.75,Dammam,0,0,0
1,NW,5,8.5,11.5,20.75,24,64.75,Safwa,0,0,1
1,NW,5,9.75,15,23,31.25,79,Jubail,0,0,0
1,NW,5,9.25,14,23.75,17.5,64.5,Saihat,1,0,0
1,NW,5,8.75,14.25,23.25,25,71.25,Dammam,0,0,0
1,NW,5,14.25,14.75,28.25,33.5,90.75,Saihat,0,0,0
1,NW,5,13.75,13.25,24.25,30.5,81.75,Al Qatif,0,0,0
1,NW,5,10,12.5,18.25,21,61.75,Al Qatif,0,0,0
1,NW,5,12,14.25,27.75,30.5,84.5,Dammam,0,0,0
1,NW,5,11.5,13.75,23.25,22.25,70.75,Jubail,0,0,0
1,NW,5,8.75,13.25,21.75,20,63.75,Dammam,0,0,0
1,NW,5,5.5,10.75,20.5,16.75,53.5,Al Qatif,0,0,0
1,NW,5,10,14.25,21.25,23,68.5,Jubail,0,0,0
1,NW,5,9.75,13.5,20.75,28.5,72.5,Al Qatif,0,0,0
1,NW,5,12.25,12.5,25.25,23.25,73.25,Al Qatif,0,0,0
1,NW,5,11.25,14,25.75,25.5,76.5,ummalsahek,0,0,0
1,NW,5,13.25,14.75,28.25,34.75,91,Ras Tanura,0,0,0
1,NW,5,8.75,12.25,22.75,24.75,68.5,Dammam,0,0,1
1,NW,5,12.5,13,21,28.25,74.75,Al Khobar,0,0,0
1,NW,5,11,14.75,25.5,18,69.25,Al Khobar,0,0,0
1,NW,5,12.75,12,21.5,19.5,65.75,Al Qatif,1,1,0
1,NW,5,12.5,14.5,28.5,33.5,89,Jubail,0,0,0
1,NW,5,12.5,13,23.25,26.75,75.5,Al Qatif,0,0,0
1,NW,5,12.5,14.25,11.75,24,62.5,Ras Tanura,0,0,0
1,NW,5,11.5,12.5,22,23.75,69.75,Dammam,0,0,0
1,NW,5,13.5,14.75,28.75,37,94,Jubail,0,0,0
1,NW,5,10.25,12.75,24.25,26.5,73.75,Al Qatif,0,0,0
1,NW,5,11.75,12.75,24.25,27.75,76.5,Dammam,0,0,0
1,NW,5,8.75,13,25.25,26.5,73.5,Jubail,0,0,0
1,NW,5,7,13.5,20,21.5,62,Al Qatif,0,0,0
1,NW,5,8.75,12.75,24,13.5,59,Jubail,0,0,0
1,NW,5,11.5,14.25,25.5,19,70.25,Jubail,0,0,0
1,NW,5,11.25,13,22,28.25,74.5,Al Khobar,0,0,0
1,NW,5,11.5,12.75,24.25,19,67.5,Al Qatif,1,0,0
1,DH,5,11.25,14.25,25.5,37.5,88.5,ummalsahek,0,0,0
1,DH,5,14.25,14,28.75,36.75,93.75,Ras Tanura,0,0,0
1,DH,5,12.25,13.75,25,33.75,84.75,Al Qatif,1,1,0
1,DH,5,13.5,14.25,28,32.75,88.5,Jubail,0,0,0
1,DH,5,6.25,14.5,20,20.5,61.25,Dammam,0,0,0
1,DH,5,8.75,13.75,23.75,17.25,63.5,Saihat,1,0,0
1,DH,5,9,14,23.25,27.25,73.5,Al Qatif,0,0,0
1,DH,5,11,13,26,32.25,82.25,Dammam,0,0,0
1,DH,5,8.5,14.25,27,35.75,85.5,Saihat,0,0,0
1,DH,5,6.25,14,27.5,35.75,83.5,Al Qatif,0,0,0
1,DH,5,10.5,13.75,23.25,31.75,79.25,Al Qatif,0,0,0
1,DH,5,8.75,14.25,24.5,28,75.5,Jubail,0,0,0
1,DH,5,5.75,14.5,19.75,21.25,61.25,Al Qatif,0,0,0
1,DH,5,14,14,26.75,29,83.75,Dammam,0,0,0
1,DH,5,9.25,14.75,26.75,24.25,75,Jubail,0,0,0
1,DH,5,8.5,13.5,23,27,72,Jubail,0,0,0
1,DH,5,11.25,13.75,25,28.75,78.75,Jubail,0,0,0
1,DH,5,2.25,12,9.5,13,36.75,Al Qatif,0,0,0
1,DH,5,5.5,13.75,19.5,23.25,62,Jubail,0,0,0
1,DH,5,4.5,13.75,21,24.25,63.5,Al Qatif,0,0,0
1,DH,5,8.25,14,21.5,25.5,69.25,Al Qatif,1,0,0
1,DH,5,7.5,14.25,22.25,25.75,69.75,Al Qatif,0,0,0
1,DH,5,6,13.75,21.75,18,59.5,Al Khobar,0,0,0
1,DH,5,9.5,13.75,22.5,26,71.75,Al Khobar,0,0,0
1,DH,5,10.5,14,22.5,32.25,79.25,Dammam,0,0,1
1,DH,5,12,12.5,29.5,22.25,76.25,Al Qatif,0,0,0
1,DH,5,10,14.5,22.5,31.5,78.5,Ras Tanura,0,0,0
1,DH,5,11.25,11.75,19.25,26.5,68.75,Dammam,0,0,0
1,DH,5,14.5,13,29,35.25,91.75,Jubail,0,0,0
1,DH,5,11,14,24.5,32,81.5,Dammam,0,0,0
1,DH,5,4.75,12,23.75,25.25,65.75,Al Khobar,0,0,0
1,IS,3,23,34.5,0,36.25,93.75,Jubail,0,0,0
1,IS,3,13.5,33.5,0,19.5,66.5,Dammam,0,0,0
1,IS,3,12.75,33,0,23.5,69.25,Jubail,0,0,0
1,IS,3,7.25,30,0,7,44.25,Al Qatif,1,1,0
1,IS,3,18,33,0,22.75,73.75,Jubail,0,0,1
1,IS,3,18.5,34.5,0,29.5,82.5,Jubail,0,0,0
1,IS,3,22,34,0,36.5,92.5,Jubail,1,1,0
1,IS,3,18.5,34.25,0,27.5,80.25,Jubail,0,0,0
1,IS,3,14,32.75,0,19.5,66.25,Jubail,0,0,0
1,IS,3,13,32.75,0,22.75,68.5,Al Qatif,0,0,0
1,IS,3,10,33.25,0,24.25,67.5,Dammam,0,0,0
1,IS,3,23,34.25,0,35.25,92.5,Al Qatif,0,0,0
1,IS,3,18,34.75,0,28.25,81,Safwa,0,0,0
1,IS,3,8.75,33,0,14.75,56.5,Al Qatif,1,0,0
1,IS,3,13.5,32.25,0,25,70.75,Dammam,0,0,0
1,IS,3,12.25,33.75,0,22.5,68.5,Jubail,0,0,0
1,IS,3,12,33.75,0,22.5,68.25,Al Qatif,0,0,0
1,IS,3,14.5,32.25,0,24.5,71.25,Al Qatif,0,0,0
1,IS,3,16.5,33.75,0,20.75,71,Safwa,1,0,0
1,IS,3,24,34.5,0,35,93.5,Dammam,0,0,0
1,IS,3,10.5,34,0,33.25,77.75,Jubail,0,0,0
1,IS,3,18.5,34.25,0,29,81.75,Dammam,0,0,0
1,IS,3,22,34.5,0,35.25,91.75,Al Khobar,0,0,0
1,IS,3,17.25,35,0,34.25,86.5,Dammam,0,0,0
1,IS,3,16.25,34,0,20.5,70.75,Jubail,0,0,1
1,IS,3,14.5,34,0,25,73.5,Al Qatif,0,0,0
1,IS,3,21.5,35,0,36,92.5,Medina,0,0,0
1,IS,3,11,33.75,0,14.25,59,Dhahran,0,0,0
1,IS,3,10.5,32,0,21.75,64.25,Al Khobar,0,0,0
1,IS,3,23,33.75,0,27.5,84.25,Dammam,0,0,0
1,IS,3,20.5,35,0,37,92.5,Al Qatif,0,0,1
1,IS,3,12.25,33.25,0,15.75,61.25,Al Khobar,0,0,0
1,IS,3,20.75,33.5,0,32.75,87,Jubail,0,0,1
1,IS,3,11,32.75,0,18.75,62.5,Al Khobar,0,0,0
1,IS,3,14.5,33.5,0,27.5,75.5,Al Khobar,0,0,0
1,IS,3,21.5,35,0,36.5,93,Al Nairyah,0,0,0
1,IS,3,19.5,34.25,0,25,78.75,Al Qatif,0,0,1
1,IS,3,20,33.75,0,28.75,82.5,Jubail,0,0,0
1,IS,3,18.75,34,0,29.75,82.5,Al Khobar,0,0,0
1,IS,3,18.75,35,0,33.75,87.5,Dammam,0,0,1
1,Intro,3,1,13,25,30,69,Jubail,0,0,0
1,Intro,3,2.75,12.5,17.5,14,46.75,Dammam,0,0,0
1,Intro,3,12.5,15,26.5,33.75,87.75,Al Khobar,0,0,0
1,Intro,3,6,14.5,22.5,24.5,67.5,Jubail,0,0,0
1,Intro,3,1.25,11.5,11.25,9.75,33.75,Al Qatif,1,1,0
1,Intro,3,9.25,14.25,27.25,39.75,90.5,Dammam,0,0,0
1,Intro,3,9.25,15,22.75,38.25,85.25,Jubail,1,1,0
1,Intro,3,8.25,13.25,23.5,22.75,67.75,Jubail,0,0,0
1,Intro,3,5,14,22.5,26.75,68.25,Al Qatif,0,0,0
1,Intro,3,6.75,12.25,16.25,20.75,56,Dammam,0,0,0
1,Intro,3,2.75,11.5,22.75,15.25,52.25,Dhahran,0,0,0
1,Intro,3,6,14.25,24,24.5,68.75,Jubail,0,0,0
1,Intro,3,13,13.5,30,37.25,93.75,Al Qatif,0,0,1
1,Intro,3,3.25,12.5,21,13.75,50.5,Al Khobar,0,0,0
1,Intro,3,6.25,13.75,22,37.25,79.25,Jubail,0,0,1
1,Intro,3,3.25,13,17.25,23,56.5,Al Khobar,0,0,0
1,Intro,3,5.75,11.75,22,27.25,66.75,Al Qatif,0,0,0
1,Intro,3,10.25,15,21.5,20,66.75,Al Qatif,0,0,1
1,Intro,3,5.75,14,22.25,22,64,Safwa,1,0,0
1,Intro,3,4.25,13.5,19.5,28.5,65.75,Jubail,0,0,0
1,Intro,3,7.5,15,25.75,28.25,76.5,Al Khobar,0,0,0
1,Intro,3,13,15,26.5,33.75,88.25,Dammam,0,0,1
1,Intro,3,9.25,13.5,27,38,87.75,Dammam,0,0,0
1,Intro,3,11,14.5,25.5,39.25,90.25,Jubail,0,0,0
1,Intro,3,4.25,14,17.75,30.25,66.25,Dammam,0,0,0
1,Intro,3,4.75,14,21.5,19.5,59.75,Jubail,0,0,1
1,Intro,3,3.25,13,23.5,37.25,77,Jubail,0,0,0
1,Intro,3,3.5,14.5,21,21,60,Jubail,0,0,1
1,Intro,3,4,13,17,23,57,Jubail,0,0,0
1,Intro,3,7.75,12.75,21.5,20.5,62.5,Al Qatif,0,0,0
1,Intro,3,8.5,13.25,16.25,26.5,64.5,Al Qatif,0,0,0
1,Intro,3,11.5,14.5,25.5,37.5,89,Medina,0,0,0
1,Intro,3,8.25,14,20.5,36.5,79.25,Safwa,0,0,0
1,Intro,3,5.5,14.5,18.25,25.75,64,Al Khobar,0,0,0
1,Intro,3,2,13.75,15.75,15.25,46.75,Al Qatif,1,0,0
1,Intro,3,12.75,14.25,25,34.5,86.5,Dammam,0,0,0
1,Intro,3,2.25,13,20.25,21,56.5,Dammam,0,0,0
1,Intro,3,8.75,12,22.25,37.25,80.25,Al Qatif,0,0,0
1,Intro,3,2.5,14.5,14.25,24.5,55.75,Al Khobar,0,0,0
1,Intro,3,12,14.5,25.5,38.25,90.25,Al Nairyah,0,0,0
1,OOP1,5,7.75,12,23.75,26.25,69.75,ummalsahek,0,0,0
1,OOP1,5,14,15,29.25,38.25,96.5,Ras Tanura,0,0,0
1,OOP1,5,9.5,12,22.75,33.5,77.75,Dammam,0,0,1
1,OOP1,5,10,12.83,21.75,29,73.58,Al Khobar,0,0,0
1,OOP1,5,10.5,14.25,27.5,32.25,84.5,Al Khobar,0,0,0
1,OOP1,5,9.75,13.17,22,29.75,74.67,Al Qatif,1,1,0
1,OOP1,5,15,14.67,25,34,88.67,Jubail,0,0,0
1,OOP1,5,11,13.75,25,33,82.75,Al Qatif,0,0,0
1,OOP1,5,6.25,14.25,23,35.5,79,Ras Tanura,0,0,0
1,OOP1,5,3.75,12.08,19.75,27,62.58,Dammam,0,0,0
1,OOP1,5,8.25,13.67,21.5,35.75,79.17,Jubail,0,0,0
1,OOP1,5,14,15,28,36,93,Jubail,0,0,0
1,OOP1,5,9,14.25,21.5,30.75,75.5,Al Qatif,0,0,0
1,OOP1,5,12.25,13,24.25,33.5,83,Dammam,0,0,0
1,OOP1,5,8.25,12.5,21.5,30.75,73,Jubail,0,0,0
1,OOP1,5,11.75,13.5,20.75,29.25,75.25,Al Qatif,0,0,0
1,OOP1,5,8.25,12.75,15.25,25.5,61.75,Jubail,0,0,0
1,OOP1,5,8.75,12.5,23.5,27.25,72,Jubail,0,0,0
1,OOP1,5,8.5,12.83,22.25,28.75,72.33,Al Khobar,0,0,0
1,OOP1,5,12,13.67,23.75,36.25,85.67,Jubail,0,0,0
1,OOP1,5,13,14.75,22,28.75,78.5,Al Qatif,1,0,0
1,OOP1,5,13.25,13.5,23,36.5,86.25,Dammam,0,0,0
1,OOP1,5,9,12.75,17.75,28.75,68.25,Safwa,0,0,1
1,OOP1,5,11.5,13.08,21,25,70.58,Saihat,1,0,0
1,OOP1,5,7.75,13.75,23.75,29,74.25,Dammam,0,0,0
1,OOP1,5,12.75,13.25,26.5,38.75,91.25,Al Qatif,0,0,0
1,OOP1,5,10.75,12.25,20.25,30.5,73.75,Al Qatif,0,0,0
1,OOP1,5,11.5,13.25,28.25,38,91,Dammam,0,0,0
1,OOP1,5,6.75,11.75,17,24.75,60.25,Dammam,0,0,0
1,OOP1,5,6.75,9.25,13.5,17,46.5,Al Qatif,0,0,0
1,OOP1,5,9.25,13.25,18.75,30,71.25,Jubail,0,0,0
1,OOP1,5,12.75,11.75,21.25,34,79.75,Al Qatif,0,0,0
1,OOP1,5,11.25,12,22.5,34.5,80.25,Al Qatif,0,0,0
1,CA,2,14,14,28.5,37.5,94,Safwa,1,1,0
1,CA,2,11,12,27.5,28,78.5,Jubail,0,0,0
1,CA,2,10,12,28,34.5,84.5,Jubail,1,1,0
1,CA,2,12.5,12,28.5,36.5,89.5,ummalsahek,0,0,0
1,CA,2,13,12,29,37.5,91.5,Jubail,1,1,0
1,DB,4,14,13.75,20,33,80.75,Jubail,0,1,0
1,DB,4,12.75,14.75,23.5,25,76,Dammam,1,1,0
1,SA,4,9.5,10.5,12,24.5,56.5,Jubail,0,0,0
1,DB-P,5,8.75,13.25,24.5,25.5,72,Jubail,0,1,1
1,DB-P,5,10,12.25,19.5,15,56.75,Ras Tanura,0,0,0
1,DB-P,5,3.75,11.75,18,16.5,50,Dammam,1,0,0
1,DB-P,5,12.25,10.75,24.5,17.5,65,Jubail,0,0,0
1,DB-P,5,12.25,12.75,13,0,38,Al Qatif,0,0,0
1,DB-P,5,12,13.25,23,25.5,73.75,Dammam,0,0,0
1,DB-P,5,12,11.75,20.5,24.75,69,Al Khobar,1,0,0
1,DB-P,5,7,10.25,19.75,20,57,Jubail,0,0,0
1,DCV,5,11.25,12,28,14.5,65.75,alriyadh,1,1,0
1,DCV,5,12,10.75,26,25,73.75,Al Khobar,1,0,0
1,DCV,5,12.5,12.25,29,29,82.75,Jubail,0,0,0
1,DCV,5,10.25,12.75,27.5,11.5,62,Jubail,0,0,0
1,DCV,5,11.25,10,24,30.5,75.75,Jubail,0,1,0
1,DCV,5,9.75,11,23.25,33.75,77.75,Jubail,0,0,0
1,DCV,5,6.25,11.75,23,0,41,Dammam,1,1,0
1,DCV,5,12.25,11.75,26.5,18.5,69,Dammam,0,0,0
1,DCV,5,2.25,9.75,19,0,31,Al Qatif,0,0,0
1,DCV,5,10.25,12,29,15,66.25,Jubail,0,0,0
1,DCV,5,5.75,11.75,25,23.5,66,Dammam,1,1,0
1,DCV,5,12.25,10.75,26.5,32.75,82.25,Jubail,1,1,0
1,DCV,5,7.5,12.5,26.75,21.5,68.25,Al Khobar,0,0,0
1,DCV,5,12.75,8.75,29,32,82.5,Dammam,1,1,0
1,DCV,5,9,11.25,23.5,17.5,61.25,Jubail,0,0,0
1,DCV,5,2.5,11.5,28,15.25,57.25,Dammam,0,0,0
1,DCV,5,9.75,9.75,24.5,24,68,Jubail,0,0,0
1,DCV,5,8.5,11.5,26,14.25,60.25,Jubail,1,1,1
1,DCV,5,10.75,12.75,27.25,27.75,78.5,Jubail,0,1,1
1,NW (2),5,10.5,11.25,24.25,24.5,70.5,Al Khobar,0,0,1
1,NW (2),5,7.5,10,22.5,28.5,68.5,Dammam,0,0,0
1,NW (2),5,9.5,10.5,20.5,22,62.5,Jubail,0,0,0
1,NW (2),5,14.5,10,24,34,82.5,Jubail,0,1,0
1,NW (2),5,13.5,10,25,20.5,69,Al Qatif,1,1,0
1,NW (2),5,10.5,12.75,24,21.5,68.75,Al Khobar,1,1,0
1,NW (2),5,13,13.25,18.25,0,44.5,Al Qatif,0,0,0
1,NW (2),5,13,13.25,21,26,73.25,Jubail,0,0,0
1,SE,5,18,29.75,0,34,81.75,Al Khobar,1,0,0
1,SE,5,18.5,29.75,0,37,85.25,Jubail,0,1,0
1,SE,5,16.5,35.5,0,32.5,84.5,Dammam,0,0,0
1,SE,5,0,24.5,0,0,24.5,Dammam,1,1,0
1,SE,5,13.5,31.75,0,25,70.25,Al Khobar,1,1,0
1,SE,5,0,29.5,0,0,29.5,Al Qatif,0,0,0
1,SE,5,12,30.25,0,23.5,65.75,Dammam,1,1,0
1,SE,5,16.5,35,0,32,83.5,ummalsahek,0,0,0
1,SE,5,18.5,34.25,0,31.5,84.25,Jubail,0,0,0
1,SE,5,14.5,31,0,23,68.5,Jubail,0,0,0
1,SE,5,15.5,30.25,0,22.5,68.25,Jubail,0,0,0
1,VP2,5,9.75,12,18.25,27.5,67.5,Al Khobar,1,0,0
1,VP2,5,10.25,13.25,22.25,31.25,77,Jubail,0,1,0
1,VP2,5,10,11.5,17.5,30,69,Dammam,1,1,0
1,VP2,5,8,13,18.5,0,39.5,Al Qatif,0,0,0
1,VP2,5,7.5,11.25,18.5,22,59.25,Dammam,1,1,0
1,VP2,5,9,10.5,23.25,25.75,68.5,Jubail,0,0,0
1,VP2,5,6.5,11.75,16,17,51.25,Jubail,0,0,0
1,Ai,6,13,13,24.75,28.75,79.5,Jubail,0,0,0
1,Ai,6,8.5,10,21,26.75,66.25,Al Khobar,0,0,1
1,Ai,6,10.5,12.5,24,26.25,73.25,Dammam,0,0,0
1,Ai,6,11.75,13.5,17,24,66.25,Al Qatif,0,0,0
1,Ai,6,8,14,24,25.25,71.25,Al Qatif,0,0,0
1,Ai,6,9.5,10.75,19.75,16.5,56.5,Al Qatif,1,1,0
1,Ai,6,12.25,13.5,20.5,30.75,77,Dammam,0,0,0
1,Ai,6,12.25,12,28,30.5,82.75,Jubail,0,0,0
1,Ai,6,9.25,13.5,19.25,15.5,57.5,Al Qatif,1,0,0
1,Ai,6,12.75,14,15.75,25.75,68.25,Al Qatif,1,0,0
1,Ai,6,13.5,11,21.25,31.75,77.5,Jubail,1,1,0
1,Ai,6,11.25,9,20,16.75,57,Al Khobar,1,1,0
1,Ai,6,13.75,13.5,27,33,87.25,Jubail,0,0,0
1,Ai,6,11.25,9.5,16.5,26,63.25,Al Qatif,1,0,0
1,Ai,6,12.75,13.5,23,21.25,70.5,Jubail,1,0,0
1,Ai,6,11,11.5,19,17.75,59.25,Dammam,0,0,0
1,Ai,6,9.5,9,16.5,24,59,Jubail,0,0,0
1,Ai,6,14.25,13.5,26,33,86.75,Jubail,1,1,0
1,Ai,6,12.5,13,17.5,25,68,Ras Tanura,0,0,0
1,Ai,6,13.75,13.5,26.25,36.75,90.25,Dammam,1,1,0
1,Ai,6,13,12.5,26,34,85.5,ummalsahek,0,0,0
1,Ai,6,13,13.5,28,30.25,84.75,Al Qatif,1,0,0
1,Ai,6,13.75,12,28.25,35.25,89.25,Ras Tanura,1,1,0
1,Ai,6,8.25,11.5,25.25,23,68,Jubail,0,0,0
1,Ai,6,8.5,12.25,15.25,20.5,56.5,Dammam,0,0,0
1,Ai,6,11.75,12.5,21.75,31.5,77.5,Jubail,0,1,1
1,DS,6,7,10.5,20.25,25.75,63.5,Al Khobar,0,0,1
1,DS,6,8.75,11,19,29.5,68.25,Al Qatif,0,0,0
1,DS,6,10.5,10,15.5,22,58,Al Qatif,1,1,0
1,DS,6,9,10.75,24.5,33.75,78,Dammam,0,0,0
1,DS,6,9,11.75,28,27.25,76,Jubail,0,0,0
1,DS,6,6.75,9,15.75,20.5,52,Al Qatif,1,0,0
1,DS,6,7.25,10.75,13.5,25.25,56.75,Al Qatif,1,0,0
1,DS,6,8.25,11,17,30,66.25,Jubail,1,1,0
1,DS,6,10.75,11.75,25.25,34.25,82,Jubail,0,0,0
1,DS,6,9.5,11,23,29.25,72.75,Al Qatif,1,0,0
1,DS,6,6.25,11.25,24.5,25.5,67.5,Ras Tanura,0,0,0
1,DS,6,12.5,11.75,26.25,36.25,86.75,ummalsahek,0,0,0
1,DS,6,12.5,11.75,26.75,32.5,83.5,Al Qatif,1,0,0
1,DS,6,7,10,18,25,60,Jubail,0,0,0
1,DS,6,11,11.25,27.25,29.75,79.25,Jubail,0,0,0
1,DS,6,11,10.75,22.25,30.5,74.5,Jubail,1,0,0
1,DS,6,14.25,12,29.5,36.75,92.5,Ras Tanura,1,1,0
1,NP,6,7.75,13,29.5,33.5,83.75,Al Khobar,1,0,0
1,NP,6,11,13.5,30,35.5,90,Dammam,0,0,0
1,NP,6,11.5,13.25,28.75,30,83.5,Jubail,0,0,0
1,NP,6,8,11.25,25.75,25.5,70.5,Al Qatif,1,0,0
1,NP,6,4.5,14.25,29.75,25,73.5,Al Qatif,1,0,0
1,NP,6,14.5,14.5,30,32,91,Jubail,0,0,0
1,NP,6,9.75,14,29.25,24,77,Al Qatif,1,0,0
1,NP,6,9.75,13.75,29.75,25.5,78.75,Dammam,0,0,0
1,NP,6,13,12,29.5,32.5,87,Jubail,1,1,0
1,NP,6,6.5,15.5,25.5,21.5,69,Jubail,0,0,0
1,NP,6,4.5,13.5,26,23,67,Dammam,1,1,0
1,NP,6,15,14.75,29.5,33.5,92.75,Jubail,1,1,0
1,NP,6,10.5,13,30,34,87.5,Dammam,1,1,0
1,NP,6,7.5,13.25,24.75,27.5,73,Saihat,0,0,0
1,NP,6,9.25,10.75,29.5,26,75.5,Jubail,0,0,0
1,NP,6,12,14.75,30,35.5,92.25,ummalsahek,0,0,0
1,NP,6,12,14.25,30,36,92.25,Al Qatif,1,0,0
1,NP,6,12,13.25,30,33.25,88.5,Ras Tanura,1,1,0
1,NP,6,3,12,25.25,23.75,64,Jubail,0,0,0
1,NP,6,10.5,13,28.75,25.5,77.75,Jubail,0,0,0
1,NP,6,6.25,13.75,27,14,61,Dammam,0,0,0
1,NP,6,8.25,14,27.25,24.5,74,Jubail,0,0,0
1,ST1,6,12.75,35,0,33.5,81.25,Al Qatif,1,1,0
1,ST1,6,15.75,33.5,0,31,80.25,Jubail,0,0,0
1,ST1,6,17.75,33,0,17.5,68.25,Al Qatif,1,1,0
1,ST1,6,17.5,35,0,34,86.5,Jubail,0,0,0
1,ST1,6,19.25,34.5,0,32,85.75,Jubail,1,1,0
1,ST1,6,24.75,35,0,36,95.75,Jubail,0,0,0
1,ST1,6,18,33.5,0,27.5,79,Al Qatif,1,0,0
1,ST1,6,18.5,34,0,31.75,84.25,Jubail,1,0,0
1,ST1,6,13.25,34,0,28,75.25,Dammam,0,0,0
1,ST1,6,20,34.5,0,31,85.5,Jubail,1,1,0
1,ST1,6,17.5,33,0,29.5,80,Al Khobar,0,0,0
1,ST1,6,10.25,33.5,0,32,75.75,Ras Tanura,0,0,0
1,ST1,6,13,34.5,0,26,73.5,Dammam,1,1,0
1,ST1,6,24.5,35,0,34.5,94,Al Qatif,0,0,0
1,ST1,6,18.5,32.5,0,26.5,77.5,Saihat,0,0,0
1,ST1,6,24.5,34.5,0,34,93,Ras Tanura,1,1,0
1,ST1,6,13.5,34,0,28,75.5,Jubail,0,0,0
1,ST1,6,15.75,31.5,0,35,82.25,Jubail,0,1,1
1,ST1,6,14,34.5,0,32,80.5,Dammam,0,0,0
1,ST1,6,19.5,35,0,27,81.5,Al Qatif,0,0,0
1,ST1,6,18.75,33,0,22.5,74.25,Al Qatif,0,0,0
1,ST1,6,11.25,32.5,0,32.5,76.25,Al Qatif,1,0,0
1,ST1,6,16.5,35,0,35.5,87,Jubail,0,0,0
1,ST1,6,19.25,35,0,34,88.25,Dammam,0,0,0
1,WEB,6,11.75,11.75,19,27.5,70,Jubail,1,1,0
1,WEB,6,10.75,12.75,23.75,33,80.25,Jubail,1,1,0
1,WEB,6,10,11.25,20.25,23,64.5,Jubail,0,0,0
1,WEB,6,13.75,12.5,27.5,31.75,85.5,Jubail,0,0,0
1,WEB,6,12.25,12.5,23.25,29.5,77.5,Jubail,1,0,0
1,WEB,6,7.5,12.5,18.5,21.75,60.25,Al Khobar,0,0,1
1,WEB,6,10,12.25,26,30.5,78.75,Al Qatif,0,0,0
1,WEB,6,7.75,10.75,9.5,20,48,Al Qatif,1,1,0
1,WEB,6,10,11.75,28,30.75,80.5,Jubail,0,0,0
1,WEB,6,9,12.5,9,22,52.5,Al Qatif,1,0,0
1,WEB,6,9,11,15.5,22.75,58.25,Al Qatif,1,0,0
1,WEB,6,11.75,13.75,19.5,26.5,71.5,Al Khobar,1,1,0
1,WEB,6,12.25,13.75,26.75,32.25,85,Jubail,0,0,0
1,WEB,6,11.75,13.75,21.75,23,70.25,Al Qatif,1,0,0
1,WEB,6,12.5,13,20.5,25,71,Dammam,0,0,0
1,WEB,6,13.5,13,22.5,29,78,Jubail,1,1,0
1,WEB,6,11,10.75,16.75,27.25,65.75,Dammam,1,1,0
1,WEB,6,13,12.25,26.5,36.75,88.5,Jubail,1,1,0
1,WEB,6,5.5,12.25,12.75,22.25,52.75,Saihat,0,0,0
1,WEB,6,14.5,13.75,26,32.5,86.75,ummalsahek,0,0,0
1,WEB,6,11.75,11.75,27.75,31,82.25,Al Qatif,1,0,0
1,WEB,6,7.5,13.75,22.75,18.75,62.75,Jubail,0,0,0
1,WEB,6,5.5,12.75,12,26.25,56.5,Dammam,0,0,0
1,CSP,7,12,16.5,19,23.75,71.25,Al Qatif,1,1,0
1,CSP,7,18,14.5,20,36.5,89,Jubail,0,0,1
1,CSP,7,15,16.5,18.5,29.5,79.5,Jubail,0,0,0
1,CSP,7,13.25,18.5,20,23.75,75.5,Dammam,0,0,0
1,CSP,7,12,16,19.75,29,76.75,Jubail,1,1,0
1,CSP,7,18,17.5,20,33.75,89.25,Jubail,0,0,0
1,CSP,7,18,16.5,20,37,91.5,Jubail,0,0,0
1,CSP,7,15,18,20,35.5,88.5,Dammam,0,0,0
1,CSP,7,19,18.5,20,35.5,93,Jubail,0,0,0
1,CSP,7,16,17,19.5,27,79.5,Jubail,0,0,1
1,CSP,7,15.5,15,20,22.5,73,Jubail,0,0,0
1,CSP,7,14.5,14.5,18.5,24,71.5,Jubail,0,0,0
1,CSP,7,14.5,17,20,31.5,83,Dammam,0,0,0
1,CSP,7,12.75,17.5,19,33.75,83,Jubail,1,0,0
1,CSP,7,14,15.5,20,31,80.5,Jubail,0,0,0
1,CSP,7,17,17,20,32.5,86.5,Jubail,0,0,0
1,CSP,7,13,15.5,20,17.25,65.75,Jubail,1,1,1
1,CSP,7,13.25,14.75,20,16.75,64.75,Al Qatif,0,0,0
1,CSP,7,5.5,18,19.75,15.25,58.5,Jubail,0,0,0
1,CSP,7,17.75,17.5,20,36.5,91.75,ummalsahek,0,0,0
1,CSP,7,15.75,13,20,20.75,69.5,Jubail,0,0,0
1,CSP,7,11,16,19.75,18,64.75,Al Khobar,0,0,0
1,CSP,7,16.5,16,19.75,30,82.25,Dammam,1,1,0
1,CSP,7,18.75,17.75,20,37.75,94.25,Al Qatif,0,0,0
1,CSP,7,14.5,15.5,20,24.75,74.75,Jubail,0,0,0
1,CSP,7,15.5,14.5,19.75,21.25,71,Dammam,0,0,0
1,CSP,7,19,15.75,20,30.25,85,Al Qatif,0,0,0
1,CSP,7,17.5,17.75,20,34.5,89.75,Jubail,0,0,0
1,CSP,7,13.25,18,20,33.5,84.75,Jubail,1,1,0
1,CSP,7,14,17.5,20,32.5,84,Dammam,0,0,0
1,CSP,7,10.5,14.25,20,17.75,62.5,Al Qatif,1,1,0
1,CSP,7,16.5,18,20,29.75,84.25,Jubail,0,0,0
1,CSP,7,12.5,16,20,29.75,78.25,Al Khobar,0,0,0
1,CSP,7,15,15.75,20,31.25,82,Jubail,0,0,0
1,CSP,7,20,18.5,20,34.25,92.75,Al Khobar,0,0,0
1,CSP,7,11.75,16,20,22.5,70.25,Jubail,0,0,0
1,CSP,7,18,17.5,20,34.75,90.25,Jubail,0,0,0
1,CSP,7,18,16.5,20,34,88.5,Dammam,0,0,0
1,CSP,7,13.75,15.25,20,32.5,81.5,Jubail,0,0,0
1,CSP,7,15.5,18,19.75,23.75,77,Al Qatif,1,0,0
1,CSP,7,19.5,18.5,20,35.25,93.25,Al Khobar,0,0,0
1,CSP,7,12.75,18,20,28,78.75,Dammam,0,0,0
1,CSP,7,12.5,17,20,24.5,74,Dammam,0,0,0
1,CSP,7,12.5,16.5,20,22.5,71.5,Dammam,0,0,0
1,CSP,7,16.5,15.75,20,34.25,86.5,Ras Tanura,1,0,0
1,OS,7,14,14.25,22.5,37.5,88.25,Al Qatif,1,1,0
1,OS,7,13.75,13,24.75,32.75,84.25,Jubail,0,0,1
1,OS,7,12.75,14.25,25.25,34.75,87,Dammam,0,0,0
1,OS,7,15,13.5,28.5,36,93,Jubail,0,0,0
1,OS,7,12.75,13.75,26.5,33.5,86.5,Jubail,0,0,0
1,OS,7,13,13,26,34,86,Dammam,0,0,0
1,OS,7,15,13.5,28.75,37.5,94.75,Jubail,0,0,0
1,OS,7,10.5,15,24.25,26.5,76.25,Jubail,0,0,1
1,OS,7,10.5,13.75,24.5,25,73.75,Jubail,0,0,0
1,OS,7,12.25,13,27.25,30,82.5,Dammam,0,0,0
1,OS,7,13.5,14,25.75,35.5,88.75,Jubail,1,0,0
1,OS,7,13,13.75,22.25,28,77,Jubail,0,0,0
1,OS,7,9.25,14,25.25,36.5,85,Jubail,0,0,0
1,OS,7,13.75,14.5,25.5,33,86.75,Al Qatif,0,0,0
1,OS,7,14.25,13.25,27,38,92.5,Jubail,0,0,0
1,OS,7,10.75,13,26,29.5,79.25,Al Khobar,0,0,0
1,OS,7,15,13.25,27,38,93.25,Al Khobar,0,0,0
1,OS,7,14,14.25,29.25,35.5,93,Dammam,0,0,0
1,OS,7,14.5,11.5,28.5,35,89.5,ummalsahek,0,0,0
1,OS,7,12,9,25.25,27.5,73.75,Jubail,1,1,0
1,OS,7,14.75,14.25,28.25,39.75,97,Al Khobar,0,0,0
1,OS,7,13.75,13.25,27,37.5,91.5,Al Qatif,0,0,0
1,OS,7,6,9.25,20.5,25,60.75,Saihat,0,0,0
1,OS,7,11.5,11,23.25,23,68.75,Jubail,0,0,0
1,OS,7,9.5,12,23.5,31.5,76.5,Dammam,0,0,0
1,OS,7,11.5,11,22.25,23,67.75,alriyadh,1,1,0
1,OS,7,13.75,9.75,24.5,29.5,77.5,Jubail,0,0,0
1,OS,7,12.5,13.25,24.5,30.5,80.75,Jubail,0,0,0
1,OS,7,12.5,14.5,20.25,24.5,71.75,Al Qatif,0,0,0
1,OS,7,5.5,12.5,23.25,33,74.25,Jubail,0,0,0
1,OS,7,13.25,12.5,24,30.5,80.25,Al Qatif,1,0,0
1,OS,7,10.75,14.25,23.75,34.5,83.25,Jubail,1,1,0
1,OS,7,7.5,11.75,19,26,64.25,Jubail,0,0,0
1,OS,7,14.5,14,27.25,34.75,90.5,Dammam,0,0,0
1,OS,7,11,12.25,21.25,27,71.5,Dammam,0,0,0
1,OS,7,12,11.75,22.75,26,72.5,Dammam,0,0,0
1,OS,7,12,14.25,24.75,33,84,Jubail,1,1,0
1,OS,7,12.5,14.25,25.5,27.5,79.75,Dammam,0,0,0
1,OS,7,9.5,9.5,19.25,26,64.25,Jubail,1,1,0
1,ST2,7,11.25,33.25,0,25.25,69.75,Al Qatif,1,1,0
1,ST2,7,13.25,31.25,0,28.5,73,Jubail,0,0,0
1,ST2,7,19.25,38.25,0,37,94.5,Jubail,0,0,0
1,ST2,7,13.75,33.75,0,30.5,78,Al Khobar,0,0,0
1,ST2,7,18,36,0,40,94,Al Khobar,0,0,0
1,ST2,7,17,33.75,0,34.5,85.25,Jubail,0,0,1
1,ST2,7,19.5,36,0,34,89.5,Dammam,0,0,0
1,ST2,7,16.25,32.75,0,32.25,81.25,Jubail,1,1,0
1,ST2,7,14.25,34.25,0,37,85.5,Al Qatif,1,0,0
1,ST2,7,16,33.75,0,35.75,85.5,Jubail,1,1,0
1,ST2,7,16,37.75,0,38.25,92,Jubail,0,0,1
1,ST2,7,15.25,37.25,0,36,88.5,Al Khobar,0,0,0
1,ST2,7,18.75,35.5,0,32.25,86.5,Dammam,0,0,0
1,ST2,7,16.25,34.25,0,24.25,74.75,Jubail,0,0,0
1,ST2,7,18.25,37.5,0,39.25,95,Dammam,0,0,0
1,ST2,7,15.25,36.5,0,37,88.75,Jubail,1,0,0
1,ST2,7,13.25,34.25,0,23.75,71.25,Dammam,0,0,0
1,ST2,7,15.5,33.25,0,18,66.75,alriyadh,1,1,0
1,ST2,7,19.5,36.25,0,35,90.75,Jubail,0,0,0
1,ST2,7,14.75,35,0,34.25,84,Jubail,0,0,0
1,ST2,7,18,37.5,0,36.25,91.75,Dammam,0,0,0
1,ST2,7,16.75,38.5,0,34.25,89.5,Jubail,0,0,0
1,ST2,7,18.25,36.75,0,35.25,90.25,Dammam,0,0,0
1,ST2,7,13.5,32.25,0,29,74.75,Jubail,0,0,0
1,ST2,7,16.25,37,0,34,87.25,Jubail,0,0,0
1,ST2,7,12,36.75,0,28.75,77.5,Jubail,0,0,0
1,ST2,7,7.25,34.5,0,24.75,66.5,Al Khobar,0,0,0
1,ST2,7,16.5,33.75,0,35,85.25,Jubail,0,0,0
1,ST2,7,18.5,37.5,0,32.75,88.75,Jubail,0,0,0
1,ST2,7,11.75,36.25,0,24.75,72.75,Dammam,0,0,0
1,ST2,7,18.25,38.5,0,32.25,89,Jubail,0,0,0
1,ST2,7,11,33.25,0,18,62.25,Jubail,1,1,1
1,ST2,7,16.75,38.5,0,36.5,91.75,Jubail,1,1,0
1,ST2,7,18.25,38.5,0,34.5,91.25,Dammam,0,0,0
1,ST2,7,10.25,31.75,0,25.75,67.75,Jubail,1,1,0
1,ST2,7,18,35.75,0,36.5,90.25,ummalsahek,0,0,0
1,ST2,7,18.75,35,0,33.25,87,Jubail,0,0,0
1,ST2,7,19,35.25,0,39.25,93.5,Jubail,0,0,0
1,ST2,7,18.75,36.75,0,38,93.5,Al Qatif,0,0,0
1,ST2,7,14.5,32.5,0,22,69,Saihat,0,0,0
1,ST2,7,8,29.5,0,5.5,43,Jubail,1,1,0
1,ST2,7,10,35.75,0,32.75,78.5,Jubail,0,0,0
1,ST2,7,11.25,28.5,0,30.25,70,Dammam,0,0,0
1,ST2,7,18,36.75,0,30,84.75,Al Qatif,0,0,0
1,ST2,7,15,32.75,0,26.5,74.25,Dammam,0,0,0
2,FoP,4,14,18.5,22.25,36,90.75,Dammam,0,0,0
2,FoP,4,14.25,20,25,39.25,98.5,Jubail,0,0,0
2,FoP,4,8.25,16.5,21.5,26.25,72.5,Jubail,0,0,0
2,FoP,4,7,18,22.5,26,73.5,Dammam,0,0,0
2,FoP,4,11,19.75,22.5,35.25,88.5,Al Khobar,0,0,0
2,FoP,4,7.5,20,22.75,33,83.25,Jubail,0,0,0
2,FoP,4,6.75,16,23,20.25,66,Jubail,0,0,1
2,FoP,4,14,19,24.75,38.5,96.25,Dammam,0,0,0
2,FoP,4,4.5,18.5,20.75,28.75,72.5,Al Khobar,0,0,0
2,FoP,4,14,19.5,20.75,30.75,85,Jubail,0,0,0
2,FoP,4,8,16.75,17.75,17.5,60,Jubail,0,0,1
2,FoP,4,15,20,24,37.25,96.25,Jubail,1,1,0
2,FoP,4,11.75,18.5,21.75,30.25,82.25,Jubail,0,0,0
2,FoP,4,12,15,17.75,29.25,74,Al Qatif,0,0,0
2,FoP,4,5.25,16,19.25,18.75,59.25,Jubail,0,0,0
2,FoP,4,7,18.5,20.25,26.75,72.5,Al Qatif,0,0,0
2,FoP,4,4,10.75,14.75,21.75,51.25,Dammam,0,0,0
2,FoP,4,9,17.75,21,31.5,79.25,Al Qatif,0,0,0
2,FoP,4,13.5,19.25,24.25,39.75,96.75,Medina,0,0,0
2,FoP,4,11.5,15,23.5,32.5,82.5,Safwa,0,0,0
2,FoP,4,10.25,18,20,19.25,67.5,Al Khobar,0,0,0
2,FoP,4,12.75,18.25,22,34.5,87.5,Dammam,0,0,0
2,FoP,4,6.5,18,23,32.75,80.25,Dammam,0,0,0
2,FoP,4,9.25,17.75,23.25,27,77.25,Jubail,0,0,0
2,FoP,4,10.75,17.25,20.75,33.75,82.5,Al Qatif,0,0,0
2,FoP,4,6.5,18,25,24,73.5,Jubail,0,0,1
2,FoP,4,7.5,16.5,19,20.75,63.75,Al Khobar,0,0,0
2,FoP,4,7.5,16.5,20.5,13.75,58.25,Al Khobar,0,0,0
2,FoP,4,5,16.25,19,23.25,63.5,Al Qatif,0,0,0
2,FoP,4,14,20,22,37.5,93.5,Al Nairyah,0,0,0
2,FoP,4,7.5,18,19,25.25,69.75,Al Qatif,0,0,1
2,FoP,4,8.5,15,16.25,25.75,65.5,Safwa,1,0,0
2,FoP,4,8.75,16,22.25,23.75,70.75,Jubail,0,0,0
2,FoP,4,9,18.25,20.75,30,78,Al Khobar,0,0,0
2,FoP,4,14,18.75,23.25,31.5,87.5,Dammam,0,0,1
2,IT,6,13.75,11.5,22.5,27.75,75.5,ummalsahek,0,0,0
2,IT,6,18.5,14.5,25,36,94,Ras Tanura,0,0,0
2,IT,6,14.75,9.5,23.5,24,71.75,Dammam,0,0,1
2,IT,6,15,13.25,24.25,25.75,78.25,Al Khobar,0,0,0
2,IT,6,16,8.5,16.75,27.25,68.5,Al Qatif,1,1,0
2,IT,6,17.75,11,24.5,36,89.25,Jubail,0,0,0
2,IT,6,15.5,9,20.25,28.25,73,Dammam,0,0,0
2,IT,6,16.5,13.5,23,30.5,83.5,Al Qatif,0,0,0
2,IT,6,17.5,13,22.75,27.5,80.75,Ras Tanura,0,0,0
2,IT,6,12.5,9.5,17.25,20.75,60,Safwa,0,0,1
2,IT,6,15,10.75,20.25,30.75,76.75,Dammam,0,0,0
2,IT,6,17.5,14,23,34,88.5,Jubail,0,0,0
2,IT,6,17,13,23.75,39,92.75,Jubail,0,0,0
2,IT,6,12,9.5,20.75,18.5,60.75,Al Qatif,0,0,0
2,IT,6,10,10.5,21.25,23.75,65.5,Dammam,0,0,0
2,IT,6,19.75,13.25,24.5,38,95.5,Saihat,0,0,0
2,IT,6,16.5,10.5,23.75,28.75,79.5,Dammam,0,0,0
2,IT,6,16,10.5,22.5,29.5,78.5,Al Qatif,0,0,0
2,IT,6,14.5,11.5,23,25,74,Al Qatif,0,0,0
2,IT,6,14.75,9.5,23.5,22.75,70.5,Jubail,0,0,0
2,IT,6,13.5,7.5,23.5,14.5,59,Al Qatif,0,0,0
2,IT,6,15.25,12.5,24.25,31.25,83.25,Dammam,0,0,0
2,IT,6,12.75,11,20.75,15,59.5,Jubail,0,0,0
2,IT,6,12,10.5,23.75,20,66.25,Jubail,0,0,0
2,IT,6,17.5,10,21,30,78.5,Jubail,0,0,0
2,IT,6,10.75,11.5,17.5,20.5,60.25,Dammam,0,0,0
2,IT,6,11.75,11.5,20.75,20.5,64.5,Jubail,0,0,0
2,IT,6,13.5,11,22.5,13.75,60.75,Al Qatif,1,0,0
2,IT,6,13.75,13.5,23,30.25,80.5,Al Qatif,0,0,0
2,DS (CS),6,15.75,13.25,17.75,29,75.75,ummalsahek,0,0,0
2,DS (CS),6,18.75,14,25,35.5,93.25,Ras Tanura,0,0,0
2,DS (CS),6,16.5,12.5,18.75,27,74.75,Dammam,0,0,1
2,DS (CS),6,17,14,24,34.5,89.5,Al Khobar,0,0,0
2,DS (CS),6,18.5,14,23.25,33,88.75,Jubail,0,0,0
2,DS (CS),6,14.25,11.5,21.25,33,80,Dammam,0,0,0
2,DS (CS),6,14.5,12.75,23.75,25.75,76.75,Al Qatif,0,0,0
2,DS (CS),6,16.5,13.25,22.5,32.5,84.75,Ras Tanura,0,0,0
2,DS (CS),6,14,11.75,23,28.5,77.25,Al Qatif,0,0,0
2,DS (CS),6,16.25,12.25,19.5,31,79,Dammam,0,0,0
2,DS (CS),6,17,11.5,23.5,30,82,Al Qatif,0,0,0
2,DS (CS),6,17.25,11.25,21.5,33,83,Al Qatif,0,0,0
2,DS (CS),6,14,12.5,19,31.5,77,Jubail,0,0,0
2,DS (CS),6,13.25,12.75,24,31.5,81.5,Al Qatif,0,0,0
2,DS (CS),6,16.75,14.5,24.5,30.5,86.25,Dammam,0,0,0
2,DS (CS),6,12,12.75,23.25,31,79,Jubail,0,0,0
2,DS (CS),6,20,12.25,20.75,28.5,81.5,Jubail,0,0,0
2,DS (CS),6,16,13,22,32.5,83.5,Jubail,0,0,0
2,DS (CS),6,18.5,13,22,28.5,82,Al Qatif,1,0,0
2,DS (CS),6,16.5,12,23.25,25.5,77.25,Al Qatif,0,0,0
2,DS (CS),6,14.5,14,21.5,29,79,Al Khobar,0,0,0
2,DS (CS),6,15.5,10.75,19,27,72.25,Al Khobar,0,0,0
2,DS (CS),6,14,12.5,21,27,74.5,Al Qatif,1,1,0
2,DS (CS),6,16.5,13.75,22.25,29,81.5,Dammam,0,0,0
2,DS (CS),6,19.5,13.75,24,36.5,93.75,Saihat,1,0,0
2,DS (CS),6,16.5,12.25,22.25,34,85,Jubail,0,0,0
2,DS (CS),6,16.75,13.5,21.25,28.5,80,Dammam,0,0,0
2,DS (CS),6,15.5,13.25,21.75,26.5,77,Al Khobar,0,0,0
2,DS (CS),6,15.75,11.75,23.25,34.25,85,Jubail,0,0,0
2,OOP2,6,12.5,23.75,11,19,66.25,ummalsahek,0,0,0
2,OOP2,6,18.5,25,15,37.75,96.25,Ras Tanura,0,0,0
2,OOP2,6,12.75,23.25,12,23,71,Dammam,0,0,1
2,OOP2,6,14.25,25,14.25,28,81.5,Al Khobar,0,0,0
2,OOP2,6,16.75,24.75,14.75,33.75,90,Jubail,0,0,0
2,OOP2,6,17.25,23.25,14.5,26.25,81.25,Dammam,0,0,0
2,OOP2,6,14.75,23.5,14,27.5,79.75,Al Qatif,0,0,0
2,OOP2,6,15.5,24.75,13.5,31,84.75,Ras Tanura,0,0,0
2,OOP2,6,15.25,22,11.25,22.5,71,Al Qatif,0,0,0
2,OOP2,6,15.5,23.75,13,32.5,84.75,Dammam,0,0,0
2,OOP2,6,14.25,23.5,14,26.25,78,Al Qatif,0,0,0
2,OOP2,6,15.25,24,11.5,31.5,82.25,Al Qatif,0,0,0
2,OOP2,6,15.75,23.75,12,25.75,77.25,Jubail,0,0,0
2,OOP2,6,13,22.75,10,21.5,67.25,Al Qatif,0,0,0
2,OOP2,6,17.75,23.25,14,31,86,Dammam,0,0,0
2,OOP2,6,11.5,22.5,11.5,22.5,68,Jubail,0,0,0
2,OOP2,6,14.5,24,14,24.5,77,Jubail,0,0,0
2,OOP2,6,17.5,22.5,15,33,88,Jubail,0,0,0
2,OOP2,6,13.5,23.5,12,14.5,63.5,Al Qatif,1,0,0
2,OOP2,6,17.25,23,12.75,34.75,87.75,Al Qatif,0,0,0
2,OOP2,6,12.5,23.75,12.75,15.5,64.5,Al Khobar,0,0,0
2,OOP2,6,12,22.25,12,17.75,64,Al Qatif,1,1,0
2,OOP2,6,10,20.25,7.5,22.5,60.25,Safwa,0,0,1
2,OOP2,6,15.25,21.75,11,26.5,74.5,Dammam,0,0,0
2,OOP2,6,17,23.75,13.25,31.5,85.5,Jubail,0,0,0
2,OOP2,6,11,24.25,13.25,18.5,67,Saihat,1,0,0
2,OOP2,6,18.25,25,15,38,96.25,Jubail,0,0,0
2,OOP2,6,15,21.75,14.25,25,76,Dammam,0,0,0
2,OOP2,6,15.25,23.75,11.75,25,75.75,Al Khobar,0,0,0
2,OOP2,6,9.5,20.25,8.5,14.25,52.5,Dammam,0,0,0
2,OOP2,6,12.5,20.75,12.25,18.75,64.25,Jubail,0,0,0
2,OOP2,6,15.25,22.25,13.5,28.25,79.25,Al Qatif,0,0,0
2,MGMT,6,16,39.5,0,38.5,94,ummalsahek,0,0,0
2,MGMT,6,10.25,39,0,28.5,77.75,Saihat,0,0,0
2,MGMT,6,19,40,0,40,99,Ras Tanura,0,0,0
2,MGMT,6,18,40,0,35,93,Dammam,0,0,1
2,MGMT,6,14.75,40,0,39,93.75,Al Khobar,0,0,0
2,MGMT,6,17.75,40,0,31.5,89.25,Al Khobar,0,0,0
2,MGMT,6,15,39.25,0,33,87.25,Al Qatif,1,1,0
2,MGMT,6,17,38.75,0,38.5,94.25,Jubail,0,0,0
2,MGMT,6,19.5,39.25,0,38.5,97.25,Dammam,0,0,0
2,MGMT,6,16,39.25,0,35,90.25,Al Qatif,0,0,0
2,MGMT,6,20,40,0,39,99,Ras Tanura,0,0,0
2,MGMT,6,17.75,39.25,0,37.5,94.5,Dammam,0,0,0
2,MGMT,6,5.5,39.25,0,9,53.75,Al Qatif,1,1,0
2,MGMT,6,15.5,40,0,35.25,90.75,Saihat,1,0,0
2,MGMT,6,18.5,40,0,38,96.5,Jubail,0,0,0
2,MGMT,6,16,39.25,0,38.5,93.75,Jubail,1,1,0
2,MGMT,6,19,39.25,0,34,92.25,Al Qatif,0,0,0
2,MGMT,6,16.25,39.5,0,29.25,85,Dammam,0,0,0
2,MGMT,6,18.5,40,0,39.5,98,Saihat,0,0,0
2,MGMT,6,18,39.25,0,38,95.25,Dammam,0,0,0
2,MGMT,6,20,40,0,36,96,Al Qatif,0,0,0
2,MGMT,6,19.5,39.5,0,36,95,Al Qatif,0,0,0
2,MGMT,6,19,40,0,39,98,Jubail,0,0,0
2,MGMT,6,15.25,39.25,0,35,89.5,Al Qatif,0,0,0
2,MGMT,6,15.5,38.5,0,32.5,86.5,Dammam,0,0,0
2,MGMT,6,16,39.25,0,34.5,89.75,Dammam,0,0,0
2,MGMT,6,19,40,0,27,86,Jubail,0,0,0
2,MGMT,6,14.5,39.25,0,27.5,81.25,Jubail,0,0,0
2,MGMT,6,8.5,38.5,0,23,70,Al Khobar,0,0,0
2,MGMT,6,17.75,39.5,0,34,91.25,Al Khobar,0,0,0
2,MGMT,6,17.5,38.75,0,36,92.25,Jubail,0,0,0
2,MGMT,6,15.5,38.75,0,30.5,84.75,Al Qatif,0,0,0
2,MGMT,6,18.5,40,0,35.5,94,Jubail,0,0,0
2,MGMT,6,19,40,0,39.25,98.25,Al Qatif,0,0,0
2,MGMT,6,14.5,40,0,32.5,87,Al Qatif,1,0,0
2,MGMT,6,19,39.25,0,39,97.25,Dammam,0,0,1
2,MGMT,6,19,38.75,0,33.75,91.5,Al Qatif,0,0,0
2,PR,6,7.25,36,0,16,59.25,Saihat,0,0,0
2,PR,6,12.5,38.5,0,25,76,Al Khobar,0,0,0
2,PR,6,6.5,37.5,0,26.5,70.5,Al Qatif,1,1,0
2,PR,6,9,32.5,0,19,60.5,Dammam,0,0,0
2,PR,6,15,35.5,0,27,77.5,Safwa,0,0,1
2,PR,6,16.25,38,0,25,79.25,Dammam,0,0,0
2,PR,6,14.5,39,0,27,80.5,Jubail,0,0,0
2,PR,6,12,38,0,25.5,75.5,Saihat,1,0,0
2,PR,6,15,38.5,0,27,80.5,Jubail,0,0,0
2,PR,6,9.75,37.5,0,15,62.25,Dammam,0,0,0
2,PR,6,18.25,38.5,0,28.5,85.25,Saihat,0,0,0
2,PR,6,3.5,34.5,0,17,55,Dammam,0,0,0
2,PR,6,6,32,0,11.5,49.5,Dhahran,0,0,0
2,PR,6,3,33.5,0,16.5,53,Al Qatif,1,0,0
2,PR,6,5.75,30.5,0,14.25,50.5,Al Khobar,0,0,0
2,PR,6,16,38.5,0,22,76.5,Al Khobar,0,0,0
2,PR,6,7.25,32.5,0,24,63.75,Dammam,0,0,0
2,PR,6,7.75,30.5,0,19.75,58,Al Qatif,0,0,0
2,PR,6,12.75,37.5,0,25,75.25,Jubail,0,0,0
2,PR,6,15,37.5,0,30.5,83,Al Qatif,0,0,0
2,PR,6,12,37.5,0,27.25,76.75,Al Qatif,0,0,0
2,PR,6,15,37.5,0,30,82.5,ummalsahek,0,0,0
2,PR,6,19,39.5,0,32,90.5,Ras Tanura,0,0,0
2,PR,6,14.75,38,0,22.5,75.25,Dammam,0,0,1
2,PR,6,12,39,0,24.5,75.5,Al Khobar,0,0,0
2,PR,6,16.5,38.5,0,32.5,87.5,Jubail,0,0,0
2,PR,6,17,35.5,0,28.5,81,Dammam,0,0,0
2,PR,6,15,37,0,26.25,78.25,Al Qatif,0,0,0
2,PR,6,11.75,38.5,0,29,79.25,Ras Tanura,0,0,0
2,PR,6,1,33,0,1,35,Al Qatif,1,1,0
2,PR,6,15.5,35.5,0,25.5,76.5,Al Qatif,0,0,0
2,PR,6,17.25,37,0,24.5,78.75,Dammam,0,0,0
2,PR,6,17.5,37.5,0,26,81,Al Qatif,0,0,0
2,PR,6,14.5,36.5,0,23.25,74.25,Al Qatif,0,0,0
2,PR,6,18.5,37.5,0,30,86,Jubail,0,0,0
2,PR,6,13.5,34,0,25,72.5,Al Qatif,0,0,0
2,PR,6,8.5,39,0,27.5,75,Dammam,0,0,0
2,PR,6,11.25,37,0,18.25,66.5,Jubail,0,0,0
2,PR,6,11,37,0,18.75,66.75,Jubail,0,0,0
2,PR,6,10.75,36.5,0,29,76.25,Jubail,0,0,0
2,DB (CS),6,12.25,10,27.75,28.25,78.25,Al Khobar,0,0,0
2,DB (CS),6,12,10,27.5,33,82.5,Jubail,0,0,0
2,DB (CS),6,11.5,8,26.5,26.25,72.25,ummalsahek,0,0,0
2,DB (CS),6,17,10,27.75,33.75,88.5,Ras Tanura,0,0,0
2,DB (CS),6,13.5,7,26.5,25.5,72.5,Dammam,0,0,1
2,DB (CS),6,16,7,26.75,32,81.75,Dammam,0,0,0
2,DB (CS),6,14.5,9,27.25,29.25,80,Al Qatif,0,0,0
2,DB (CS),6,11.25,9,27.75,30,78,Ras Tanura,0,0,0
2,DB (CS),6,9,7,27.25,29.5,72.75,Al Qatif,0,0,0
2,DB (CS),6,10.5,8,26.5,31,76,Dammam,0,0,0
2,DB (CS),6,15.5,7,25.75,30.5,78.75,Al Qatif,0,0,0
2,DB (CS),6,9.25,8,25.75,36.5,79.5,Al Qatif,0,0,0
2,DB (CS),6,6.5,7.5,27.25,15.75,57,Jubail,0,0,0
2,DB (CS),6,10,7,26.5,30.5,74,Jubail,0,0,0
2,DB (CS),6,8.25,8,27.25,27.25,70.75,Al Qatif,0,0,0
2,DB (CS),6,14,9,28.25,27.5,78.75,Dammam,0,0,0
2,DB (CS),6,10,9.5,27,20.5,67,Jubail,0,0,0
2,DB (CS),6,5,8,26.5,27,66.5,Jubail,0,0,0
2,DB (CS),6,14,9,25.5,23.25,71.75,Jubail,0,0,0
2,DB (CS),6,11.25,9,28.25,21.75,70.25,Al Khobar,0,0,0
2,DB (CS),6,10,7,25.5,25,67.5,Al Qatif,1,1,0
2,DB (CS),6,10.75,7,27,29,73.75,Safwa,0,0,1
2,DB (CS),6,12,7,28,23,70,Dammam,0,0,0
2,DB (CS),6,14,10,25.25,31.5,80.75,Jubail,0,0,0
2,DB (CS),6,6.75,9,27.25,29.5,72.5,Saihat,1,0,0
2,DB (CS),6,16.75,10,27.25,34.5,88.5,Jubail,0,0,0
2,DB (CS),6,7.25,8,27.25,31,73.5,Dammam,0,0,0
2,DB (CS),6,18.5,10,27,34,89.5,Saihat,0,0,0
2,DB (CS),6,13,8,27.75,31.75,80.5,Al Khobar,0,0,0
2,DB (CS),6,2.5,6,25.75,17.25,51.5,Al Qatif,0,0,0
2,DB (CS),6,10,7,26.75,19.25,63,Jubail,0,0,0
2,DB (CS),6,14,7.5,26,35.5,83,Al Qatif,0,0,0
2,DB (CS),6,9,9,26.5,30,74.5,Al Qatif,0,0,0
2,NW (2),5,0,0,1,0,1,Jubail,0,0,0
2,NW (2),5,12.25,12,18.5,28.75,71.5,Al Qatif,0,0,0
2,DCV,5,15,13,22.75,22,72.75,Dammam,1,1,0
2,DCV,5,11.5,8,20.75,25,65.25,Al Qatif,0,0,0
2,DB-P,5,14,15,29,31,89,Jubail,0,1,0
2,DB-P,5,12.5,7.5,24,0,44,Dammam,1,1,0
2,DB-P,5,11,13.25,17.5,21.75,63.5,Al Qatif,0,0,0
2,DB-P,5,13.5,13,21.25,18.75,66.5,Dammam,1,0,0
2,VP2,5,11,12.25,17.75,24.25,65.25,Al Qatif,0,0,0
2,VP2,5,12,12.25,25.25,30.25,79.75,Jubail,0,0,0
2,SE,5,17,31,0,17.5,65.5,Dammam,1,1,0
2,SE,5,12,33,0,0,45,Al Qatif,0,0,0
2,DS,6,11.75,11.75,26.5,26.5,76.5,Al Khobar,1,0,0
2,DS,6,11.5,12,20,26.25,69.75,Al Qatif,1,0,0
2,DS,6,7.5,9.25,20.75,20.75,58.25,Al Khobar,1,1,0
2,DS,6,8,10.75,22,19.75,60.5,Dammam,0,0,0
2,DS,6,7.5,10,22.25,20.25,60,Jubail,0,0,0
2,DS,6,7.5,9,22,18.5,57,Dammam,1,1,0
2,DS,6,12.25,12,28.5,34.5,87.25,Jubail,1,1,0
2,DS,6,6.5,10,16.25,19.25,52,Dammam,0,0,0
2,DS,6,10,8.25,22,24,64.25,Jubail,0,0,0
2,DS,6,12.5,10.25,24.5,28.5,75.75,Jubail,0,1,1
2,NP,6,10.5,11.25,20.25,32,74,Al Khobar,0,0,1
2,NP,6,11.5,12.25,28.75,29.5,82,Dammam,0,0,0
2,NP,6,7.25,8.75,26,18.5,60.5,Jubail,0,0,0
2,NP,6,8,10.75,18.25,30.5,67.5,Jubail,0,1,0
2,NP,6,7.75,11.25,28,20.5,67.5,Al Khobar,1,1,0
2,NP,6,8.5,10.75,26.5,29.5,75.25,Jubail,0,0,0
2,WEB,6,6.5,11.25,20,19,56.75,Jubail,0,0,0
2,WEB,6,11.75,14.75,26.5,32,85,Dammam,0,0,0
2,WEB,6,9.75,12.25,17,26,65,Al Qatif,1,0,0
2,WEB,6,11,11.75,24.75,28.5,76,Ras Tanura,0,0,0
2,WEB,6,11,14.25,29.25,34,88.5,Dammam,1,1,0
2,WEB,6,8.5,11,22,30.5,72,Saihat,0,0,0
2,WEB,6,15,14.25,28,37.5,94.75,Ras Tanura,1,1,0
2,WEB,6,9.75,12.25,21.75,33.5,77.25,Jubail,0,0,0
2,WEB,6,13.5,11.75,28.75,34.5,88.5,Jubail,0,1,1
2,Ai,6,13.5,14,25,27.75,80.25,Al Khobar,1,0,0
2,Ai,6,12.75,13.5,21,24,71.25,Jubail,0,1,0
2,Ai,6,4,11,17.75,9.5,42.25,Dammam,1,1,0
2,Ai,6,7,10.5,18.75,30,66.25,Jubail,0,0,0
2,Ai,6,9.25,13.75,20.5,20.25,63.75,Jubail,0,0,0
2,ST1,6,17.5,29,0,23.75,70.25,Al Khobar,1,1,0
2,ST1,6,23.5,28.5,0,36.5,88.5,Jubail,0,0,0
2,ST1,6,14.25,27.5,0,16.5,58.25,Dammam,1,1,0
2,ST1,6,20.5,30,0,21.5,72,Jubail,0,0,0
2,ST1,6,17,29.75,0,26.75,73.5,Jubail,0,0,0
2,ST2,7,11.75,35,0,28.75,75.5,Jubail,0,0,0
2,ST2,7,10,34.25,0,22,66.25,Al Khobar,0,0,1
2,ST2,7,7,34.5,0,28,69.5,Dammam,0,0,0
2,ST2,7,8.25,35,0,14.5,57.75,Al Qatif,0,0,0
2,ST2,7,14.75,33.25,0,16.5,64.5,Al Qatif,0,0,0
2,ST2,7,6.75,27.5,0,3.5,37.75,Al Qatif,1,1,0
2,ST2,7,9.5,36.75,0,22,68.25,Dammam,0,0,0
2,ST2,7,9.25,34.75,0,20.25,64.25,Jubail,0,0,0
2,ST2,7,12,33.5,0,18.25,63.75,Al Qatif,1,0,0
2,ST2,7,7,35.25,0,13.75,56,Al Qatif,1,0,0
2,ST2,7,10,33.75,0,22.25,66,Jubail,1,1,0
2,ST2,7,7.75,33.25,0,17.25,58.25,Al Khobar,1,1,0
2,ST2,7,17,37.75,0,30.5,85.25,Jubail,0,0,0
2,ST2,7,9.25,33.25,0,13.5,56,Al Qatif,1,0,0
2,ST2,7,14.75,33.75,0,28,76.5,Jubail,1,0,0
2,ST2,7,12.5,37.5,0,21,71,Dammam,0,0,0
2,ST2,7,6,34,0,23.5,63.5,Jubail,0,0,0
2,ST2,7,16.75,34.5,0,25.25,76.5,Jubail,1,1,0
2,ST2,7,15.5,35.5,0,17.25,68.25,Ras Tanura,0,0,0
2,ST2,7,12.5,37.25,0,21.75,71.5,Dammam,1,1,0
2,ST2,7,15.75,35.5,0,29.25,80.5,ummalsahek,0,0,0
2,ST2,7,14.25,33.25,0,25.75,73.25,Al Qatif,1,0,0
2,ST2,7,18.75,36.5,0,32.75,88,Ras Tanura,1,1,0
2,ST2,7,11.5,33,0,12,56.5,Jubail,0,0,0
2,ST2,7,8.75,34,0,14.75,57.5,Dammam,0,0,0
2,ST2,7,14.75,32.25,0,31.25,78.25,Jubail,0,1,1
2,ST2,7,9.25,33,0,13.5,55.75,Jubail,1,1,0
2,CSP,7,13.5,19.75,19.25,36.25,88.75,Al Khobar,1,0,0
2,CSP,7,15.5,18.75,20,26.75,81,Al Qatif,0,0,0
2,CSP,7,11.75,18.25,20,31.5,81.5,Jubail,0,0,0
2,CSP,7,9.5,16.25,19.25,19.75,64.75,Al Khobar,1,1,0
2,CSP,7,14,17.75,19.75,31.75,83.25,Jubail,1,1,0
2,CSP,7,17.75,16.5,20,34.25,88.5,Jubail,0,0,0
2,CSP,7,12,16.5,20,26.5,75,Jubail,0,0,0
2,CSP,7,9.25,14.5,20,21.75,65.5,Al Qatif,1,0,0
2,CSP,7,16,16,19.5,38.5,90,Jubail,0,0,0
2,CSP,7,15,15.75,19.75,27.75,78.25,Dammam,0,0,0
2,CSP,7,7,13.25,19.75,15.5,55.5,Dammam,1,1,0
2,CSP,7,18,17,20,39,94,Jubail,1,1,0
2,CSP,7,11,16,20,37,84,ummalsahek,0,0,0
2,CSP,7,12,15.75,19.75,26,73.5,Jubail,0,0,0
2,CSP,7,5.5,16,19.75,26.25,67.5,Dammam,0,0,0
2,CSP,7,15.5,18.25,20,27.25,81,Al Khobar,0,0,1
2,CSP,7,16,15.5,19.75,27.25,78.5,Dammam,0,0,0
2,CSP,7,12,14.75,20,7,53.75,Al Qatif,1,1,0
2,CSP,7,10.5,17.75,20,28,76.25,Al Qatif,1,0,0
2,CSP,7,12.5,16.5,19.75,23.75,72.5,Jubail,1,1,0
2,CSP,7,8.5,18,19.75,29.75,76,Jubail,1,0,0
2,CSP,7,9,17.25,19.75,25,71,Jubail,1,1,0
2,CSP,7,19,17.75,20,37.5,94.25,Al Qatif,1,0,0
2,OS,7,13,14.25,22,25.5,74.75,Jubail,0,0,0
2,OS,7,9,13.75,20,17.25,60,Al Khobar,0,0,1
2,OS,7,12.75,14,24,27.75,78.5,Dammam,0,0,0
2,OS,7,9.75,11.75,24,24.5,70,Al Khobar,1,0,0
2,OS,7,5.25,12.75,16,16.25,50.25,Jubail,0,0,0
2,OS,7,8.5,13.75,24,26.25,72.5,Al Qatif,0,0,0
2,OS,7,11.75,9.75,25,22,68.5,Jubail,0,1,0
2,OS,7,3.5,13.75,12,0,29.25,Al Qatif,1,1,0
2,OS,7,13.25,10.5,26,34.25,84,Jubail,0,0,0
2,OS,7,8.75,14,26,28.5,77.25,Dammam,0,0,0
2,OS,7,9.5,15,24,32.5,81,Jubail,0,0,0
2,OS,7,6.75,12.75,23,21,63.5,Al Qatif,1,0,0
2,OS,7,6,15,21,15,57,Al Qatif,1,0,0
2,OS,7,6,14,23,28.25,71.25,Jubail,1,1,0
2,OS,7,7.5,12.75,22,21.25,63.5,Al Khobar,1,1,0
2,OS,7,14.5,14,28,32,88.5,Jubail,0,0,0
2,OS,7,6,10.75,20,23.25,60,Al Qatif,1,0,0
2,OS,7,10,13.5,26,27.75,77.25,Jubail,0,0,0
2,OS,7,8.25,13.5,23,17.5,62.25,Jubail,1,0,0
2,OS,7,10.25,13.5,22,20.25,66,Dammam,0,0,0
2,OS,7,6,13,19,14,52,Jubail,0,0,0
2,OS,7,14,12.5,24,33,83.5,Jubail,1,1,0
2,OS,7,5,13,25,20.5,63.5,Ras Tanura,0,0,0
2,OS,7,11.75,13,24,30,78.75,Dammam,1,1,0
2,OS,7,10.5,14.5,23,24,72,Jubail,0,0,0
2,OS,7,10,13.5,20,32.5,76,ummalsahek,0,0,0
2,OS,7,14,13.75,29,34.5,91.25,Al Qatif,1,0,0
2,OS,7,10,12,26,35.5,83.5,Ras Tanura,1,1,0
2,OS,7,7.5,13.5,18,21.75,60.75,Jubail,0,0,0
2,OS,7,3.25,13.5,15,14.25,46,Dammam,0,0,0
